﻿{"cameraMode":{"drawMode":0,"name":"Shaded","section":"Shading Mode"},"sceneLighting":true,"audioPlay":false,"sceneViewState":{"m_AlwaysRefresh":false,"showFog":true,"showSkybox":true,"showFlares":true,"showImageEffects":true,"showParticleSystems":true,"showVisualEffectGraphs":true,"m_FxEnabled":true},"in2DMode":false,"pivot":{"x":-0.6960005164146423,"y":-1.571476697921753,"z":-6.8109636306762699},"rotation":{"x":0.015409457497298718,"y":-0.9816223382949829,"z":0.16738834977149964,"w":0.09036318957805634},"size":6.327486991882324,"orthographic":false}