﻿{"cameraMode":{"drawMode":0,"name":"Shaded","section":"Shading Mode"},"sceneLighting":false,"audioPlay":false,"sceneViewState":{"m_AlwaysRefresh":false,"showFog":true,"showSkybox":false,"showFlares":true,"showImageEffects":true,"showParticleSystems":true,"showVisualEffectGraphs":true,"m_FxEnabled":true},"in2DMode":false,"pivot":{"x":-1.7797279357910157,"y":-0.268798828125,"z":0.1541290283203125},"rotation":{"x":0.03205616772174835,"y":0.9120252132415772,"z":-0.40237289667129519,"w":0.0726592093706131},"size":23.920930862426759,"orthographic":false}