﻿{"cameraMode":{"drawMode":0,"name":"Shaded","section":"Shading Mode"},"sceneLighting":true,"audioPlay":false,"sceneViewState":{"m_AlwaysRefresh":false,"showFog":true,"showSkybox":true,"showFlares":true,"showImageEffects":true,"showParticleSystems":true,"showVisualEffectGraphs":true,"m_FxEnabled":true},"in2DMode":false,"pivot":{"x":3.541921377182007,"y":2.184390068054199,"z":-0.6727579832077026},"rotation":{"x":0.10920986533164978,"y":0.7831293940544128,"z":-0.14371992647647859,"w":0.5950874090194702},"size":11.028315544128418,"orthographic":false}