﻿{"cameraMode":{"drawMode":0,"name":"Shaded","section":"Shading Mode"},"sceneLighting":false,"audioPlay":false,"sceneViewState":{"m_AlwaysRefresh":false,"showFog":true,"showSkybox":false,"showFlares":true,"showImageEffects":true,"showParticleSystems":true,"showVisualEffectGraphs":true,"m_FxEnabled":true},"in2DMode":false,"pivot":{"x":6.219998359680176,"y":-89.28755950927735,"z":-86.943603515625},"rotation":{"x":0.03205616772174835,"y":0.9120252132415772,"z":-0.40237289667129519,"w":0.0726592093706131},"size":7.088723659515381,"orthographic":false}